n,k,p,M,alpha,T,beta,gain,depth,level,seed,acc,margin,spread,floor,Q
2000,50,0.05,64,1.6,2,0.224745,1.5000,5,1,42,1.000000,7.291493,0.033333,0.025000,0.008547
2000,50,0.05,64,1.6,2,0.224745,1.5000,5,2,42,1.000000,4.869965,0.039772,0.025000,0.015151
2000,50,0.05,64,1.6,2,0.224745,1.5000,5,3,42,0.968750,2.129000,0.046429,0.025000,0.021978
2000,50,0.05,64,1.6,2,0.224745,1.5000,5,4,42,0.109375,1.145479,0.060903,0.025000,0.036823
2000,50,0.05,64,1.6,2,0.224745,1.5000,5,5,42,0.015625,1.018556,0.080506,0.025000,0.056929
2000,50,0.05,64,1.6,2,0.224745,1.5000,5,1,43,1.000000,7.668415,0.031865,0.025000,0.007041
2000,50,0.05,64,1.6,2,0.224745,1.5000,5,2,43,1.000000,4.983730,0.037292,0.025000,0.012607
2000,50,0.05,64,1.6,2,0.224745,1.5000,5,3,43,0.984375,2.671943,0.039117,0.025000,0.014479
2000,50,0.05,64,1.6,2,0.224745,1.5000,5,4,43,0.640625,1.562636,0.042073,0.025000,0.017511
2000,50,0.05,64,1.6,2,0.224745,1.5000,5,5,43,0.078125,1.089251,0.052946,0.025000,0.028663
2000,50,0.05,64,1.6,2,0.224745,1.5000,5,1,44,1.000000,7.567113,0.032371,0.025000,0.007560
2000,50,0.05,64,1.6,2,0.224745,1.5000,5,2,44,1.000000,4.696143,0.038730,0.025000,0.014082
2000,50,0.05,64,1.6,2,0.224745,1.5000,5,3,44,0.875000,1.990762,0.048938,0.025000,0.024552
2000,50,0.05,64,1.6,2,0.224745,1.5000,5,4,44,0.093750,1.142247,0.071726,0.025000,0.047924
2000,50,0.05,64,1.6,2,0.224745,1.5000,5,5,44,0.046875,1.010860,0.100923,0.025000,0.077869
2000,50,0.05,64,1.6,2,0.284523,1.6500,5,1,42,1.000000,7.121453,0.037490,0.025000,0.012810
2000,50,0.05,64,1.6,2,0.284523,1.6500,5,2,42,0.984375,2.491328,0.063343,0.025000,0.039326
2000,50,0.05,64,1.6,2,0.284523,1.6500,5,3,42,0.093750,1.034527,0.138938,0.025000,0.116860
2000,50,0.05,64,1.6,2,0.284523,1.6500,5,4,42,0.078125,1.010924,0.233571,0.025000,0.213919
2000,50,0.05,64,1.6,2,0.284523,1.6500,5,5,42,0.015625,1.000000,0.267014,0.025000,0.248219
2000,50,0.05,64,1.6,2,0.284523,1.6500,5,1,43,1.000000,6.671813,0.039097,0.025000,0.014459
2000,50,0.05,64,1.6,2,0.284523,1.6500,5,2,43,0.953125,2.294641,0.064117,0.025000,0.040120
2000,50,0.05,64,1.6,2,0.284523,1.6500,5,3,43,0.109375,1.039948,0.129841,0.025000,0.107530
2000,50,0.05,64,1.6,2,0.284523,1.6500,5,4,43,0.015625,1.001946,0.199415,0.025000,0.178887
2000,50,0.05,64,1.6,2,0.284523,1.6500,5,5,43,0.015625,1.000000,0.248264,0.025000,0.228989
2000,50,0.05,64,1.6,2,0.284523,1.6500,5,1,44,1.000000,7.091295,0.039762,0.025000,0.015140
2000,50,0.05,64,1.6,2,0.284523,1.6500,5,2,44,0.859375,2.040291,0.068958,0.025000,0.045085
2000,50,0.05,64,1.6,2,0.284523,1.6500,5,3,44,0.093750,1.029994,0.162212,0.025000,0.140731
2000,50,0.05,64,1.6,2,0.284523,1.6500,5,4,44,0.062500,1.007434,0.251567,0.025000,0.232377
2000,50,0.05,64,1.6,2,0.284523,1.6500,5,5,44,0.031250,1.010204,0.329881,0.025000,0.312698
2000,50,0.05,64,1.6,2,0.322876,1.7500,5,1,42,1.000000,6.531901,0.042183,0.025000,0.017623
2000,50,0.05,64,1.6,2,0.322876,1.7500,5,2,42,0.906250,1.666508,0.085972,0.025000,0.062536
2000,50,0.05,64,1.6,2,0.322876,1.7500,5,3,42,0.093750,1.024974,0.208105,0.025000,0.187800
2000,50,0.05,64,1.6,2,0.322876,1.7500,5,4,42,0.046875,1.002930,0.338581,0.025000,0.321622
2000,50,0.05,64,1.6,2,0.322876,1.7500,5,5,42,0.031250,1.005102,0.435863,0.025000,0.421398
2000,50,0.05,64,1.6,2,0.322876,1.7500,5,1,43,1.000000,6.422103,0.044742,0.025000,0.020248
2000,50,0.05,64,1.6,2,0.322876,1.7500,5,2,43,0.796875,1.648500,0.088016,0.025000,0.064632
2000,50,0.05,64,1.6,2,0.322876,1.7500,5,3,43,0.140625,1.018828,0.208026,0.025000,0.187719
2000,50,0.05,64,1.6,2,0.322876,1.7500,5,4,43,0.046875,1.008271,0.313968,0.025000,0.296378
2000,50,0.05,64,1.6,2,0.322876,1.7500,5,5,43,0.015625,1.003528,0.425327,0.025000,0.410592
2000,50,0.05,64,1.6,2,0.322876,1.7500,5,1,44,1.000000,6.278733,0.042649,0.025000,0.018101
2000,50,0.05,64,1.6,2,0.322876,1.7500,5,2,44,0.703125,1.616841,0.090208,0.025000,0.066880
2000,50,0.05,64,1.6,2,0.322876,1.7500,5,3,44,0.140625,1.020818,0.184097,0.025000,0.163177
2000,50,0.05,64,1.6,2,0.322876,1.7500,5,4,44,0.031250,1.004219,0.272946,0.025000,0.254304
2000,50,0.05,64,1.6,2,0.322876,1.7500,5,5,44,0.031250,1.000000,0.375208,0.025000,0.359188
2000,50,0.05,64,1.6,2,0.349074,1.8200,5,1,42,1.000000,6.189782,0.045268,0.025000,0.020788
2000,50,0.05,64,1.6,2,0.349074,1.8200,5,2,42,0.671875,1.338564,0.100615,0.025000,0.077554
2000,50,0.05,64,1.6,2,0.349074,1.8200,5,3,42,0.125000,1.025068,0.247163,0.025000,0.227859
2000,50,0.05,64,1.6,2,0.349074,1.8200,5,4,42,0.046875,1.009413,0.399226,0.025000,0.383822
2000,50,0.05,64,1.6,2,0.349074,1.8200,5,5,42,0.046875,1.004185,0.584544,0.025000,0.573891
2000,50,0.05,64,1.6,2,0.349074,1.8200,5,1,43,1.000000,6.029977,0.047966,0.025000,0.023555
2000,50,0.05,64,1.6,2,0.349074,1.8200,5,2,43,0.453125,1.247226,0.132361,0.025000,0.110114
2000,50,0.05,64,1.6,2,0.349074,1.8200,5,3,43,0.140625,1.015263,0.318800,0.025000,0.301333
2000,50,0.05,64,1.6,2,0.349074,1.8200,5,4,43,0.000000,1.002978,0.460258,0.025000,0.446418
2000,50,0.05,64,1.6,2,0.349074,1.8200,5,5,43,0.000000,1.006378,0.550000,0.025000,0.538462
2000,50,0.05,64,1.6,2,0.349074,1.8200,5,1,44,1.000000,5.809245,0.047103,0.025000,0.022670
2000,50,0.05,64,1.6,2,0.349074,1.8200,5,2,44,0.500000,1.193676,0.128313,0.025000,0.105963
2000,50,0.05,64,1.6,2,0.349074,1.8200,5,3,44,0.140625,1.018131,0.279960,0.025000,0.261498
2000,50,0.05,64,1.6,2,0.349074,1.8200,5,4,44,0.031250,1.006790,0.449276,0.025000,0.435155
2000,50,0.05,64,1.6,2,0.349074,1.8200,5,5,44,0.015625,1.000000,0.574782,0.025000,0.563879
2000,50,0.05,64,1.6,2,0.371131,1.8800,5,1,42,1.000000,5.716115,0.051508,0.025000,0.027188
2000,50,0.05,64,1.6,2,0.371131,1.8800,5,2,42,0.359375,1.169450,0.132748,0.025000,0.110511
2000,50,0.05,64,1.6,2,0.371131,1.8800,5,3,42,0.140625,1.022061,0.288700,0.025000,0.270462
2000,50,0.05,64,1.6,2,0.371131,1.8800,5,4,42,0.062500,1.007440,0.404206,0.025000,0.388930
2000,50,0.05,64,1.6,2,0.371131,1.8800,5,5,42,0.015625,1.000638,0.469812,0.025000,0.456217
2000,50,0.05,64,1.6,2,0.371131,1.8800,5,1,43,1.000000,5.583281,0.053819,0.025000,0.029558
2000,50,0.05,64,1.6,2,0.371131,1.8800,5,2,43,0.359375,1.122784,0.162738,0.025000,0.141270
2000,50,0.05,64,1.6,2,0.371131,1.8800,5,3,43,0.140625,1.018187,0.370823,0.025000,0.354691
2000,50,0.05,64,1.6,2,0.371131,1.8800,5,4,43,0.031250,1.007367,0.537639,0.025000,0.525783
2000,50,0.05,64,1.6,2,0.371131,1.8800,5,5,43,0.000000,1.004145,0.592173,0.025000,0.581716
2000,50,0.05,64,1.6,2,0.371131,1.8800,5,1,44,1.000000,5.273815,0.055456,0.025000,0.031237
2000,50,0.05,64,1.6,2,0.371131,1.8800,5,2,44,0.390625,1.101823,0.169385,0.025000,0.148087
2000,50,0.05,64,1.6,2,0.371131,1.8800,5,3,44,0.125000,1.019501,0.328204,0.025000,0.310979
2000,50,0.05,64,1.6,2,0.371131,1.8800,5,4,44,0.093750,1.010280,0.479970,0.025000,0.466636
2000,50,0.05,64,1.6,2,0.371131,1.8800,5,5,44,0.062500,1.002232,0.601488,0.025000,0.591270
2000,50,0.05,64,1.6,2,0.385641,1.9200,5,1,42,1.000000,4.985089,0.055179,0.025000,0.030952
2000,50,0.05,64,1.6,2,0.385641,1.9200,5,2,42,0.359375,1.158170,0.148651,0.025000,0.126821
2000,50,0.05,64,1.6,2,0.385641,1.9200,5,3,42,0.203125,1.021175,0.302500,0.025000,0.284615
2000,50,0.05,64,1.6,2,0.385641,1.9200,5,4,42,0.046875,1.004863,0.435615,0.025000,0.421144
2000,50,0.05,64,1.6,2,0.385641,1.9200,5,5,42,0.031250,1.002896,0.508869,0.025000,0.496276
2000,50,0.05,64,1.6,2,0.385641,1.9200,5,1,43,1.000000,5.454153,0.053790,0.025000,0.029528
2000,50,0.05,64,1.6,2,0.385641,1.9200,5,2,43,0.375000,1.117381,0.145079,0.025000,0.123158
2000,50,0.05,64,1.6,2,0.385641,1.9200,5,3,43,0.109375,1.018877,0.277619,0.025000,0.259096
2000,50,0.05,64,1.6,2,0.385641,1.9200,5,4,43,0.125000,1.010713,0.431071,0.025000,0.416484
2000,50,0.05,64,1.6,2,0.385641,1.9200,5,5,43,0.046875,1.007653,0.540069,0.025000,0.528276
2000,50,0.05,64,1.6,2,0.385641,1.9200,5,1,44,1.000000,5.301971,0.051845,0.025000,0.027534
2000,50,0.05,64,1.6,2,0.385641,1.9200,5,2,44,0.375000,1.123551,0.147034,0.025000,0.125163
2000,50,0.05,64,1.6,2,0.385641,1.9200,5,3,44,0.156250,1.020597,0.323264,0.025000,0.305912
2000,50,0.05,64,1.6,2,0.385641,1.9200,5,4,44,0.015625,1.008125,0.533681,0.025000,0.521724
2000,50,0.05,64,1.6,2,0.385641,1.9200,5,5,44,0.015625,1.000000,0.619891,0.025000,0.610144
2000,50,0.05,64,1.6,2,0.400000,1.9600,5,1,42,1.000000,4.818597,0.055724,0.025000,0.031512
2000,50,0.05,64,1.6,2,0.400000,1.9600,5,2,42,0.343750,1.120614,0.174345,0.025000,0.153175
2000,50,0.05,64,1.6,2,0.400000,1.9600,5,3,42,0.078125,1.013063,0.360496,0.025000,0.344098
2000,50,0.05,64,1.6,2,0.400000,1.9600,5,4,42,0.078125,1.004491,0.505883,0.025000,0.493213
2000,50,0.05,64,1.6,2,0.400000,1.9600,5,5,42,0.031250,1.000000,0.587877,0.025000,0.577310
2000,50,0.05,64,1.6,2,0.400000,1.9600,5,1,43,1.000000,5.001708,0.059554,0.025000,0.035440
2000,50,0.05,64,1.6,2,0.400000,1.9600,5,2,43,0.343750,1.096962,0.217292,0.025000,0.197222
2000,50,0.05,64,1.6,2,0.400000,1.9600,5,3,43,0.140625,1.012064,0.466935,0.025000,0.453266
2000,50,0.05,64,1.6,2,0.400000,1.9600,5,4,43,0.078125,1.004212,0.599077,0.025000,0.588797
2000,50,0.05,64,1.6,2,0.400000,1.9600,5,5,43,0.015625,1.000000,0.693482,0.025000,0.685623
2000,50,0.05,64,1.6,2,0.400000,1.9600,5,1,44,1.000000,5.250620,0.054385,0.025000,0.030138
2000,50,0.05,64,1.6,2,0.400000,1.9600,5,2,44,0.312500,1.110253,0.159415,0.025000,0.137861
2000,50,0.05,64,1.6,2,0.400000,1.9600,5,3,44,0.109375,1.021917,0.353036,0.025000,0.336447
2000,50,0.05,64,1.6,2,0.400000,1.9600,5,4,44,0.078125,1.007170,0.558036,0.025000,0.546703
2000,50,0.05,64,1.6,2,0.400000,1.9600,5,5,44,0.015625,1.000000,0.648750,0.025000,0.639744
2000,50,0.05,64,1.6,2,0.414214,2.0000,5,1,42,1.000000,4.715644,0.057976,0.025000,0.033822
2000,50,0.05,64,1.6,2,0.414214,2.0000,5,2,42,0.343750,1.115558,0.170208,0.025000,0.148932
2000,50,0.05,64,1.6,2,0.414214,2.0000,5,3,42,0.125000,1.016845,0.407867,0.025000,0.392684
2000,50,0.05,64,1.6,2,0.414214,2.0000,5,4,42,0.015625,1.005169,0.606052,0.025000,0.595950
2000,50,0.05,64,1.6,2,0.414214,2.0000,5,5,42,0.015625,1.000000,0.710099,0.025000,0.702666
2000,50,0.05,64,1.6,2,0.414214,2.0000,5,1,43,1.000000,5.084402,0.060089,0.025000,0.035989
2000,50,0.05,64,1.6,2,0.414214,2.0000,5,2,43,0.375000,1.096996,0.201974,0.025000,0.181512
2000,50,0.05,64,1.6,2,0.414214,2.0000,5,3,43,0.093750,1.013446,0.428750,0.025000,0.414103
2000,50,0.05,64,1.6,2,0.414214,2.0000,5,4,43,0.015625,1.005175,0.595784,0.025000,0.585419
2000,50,0.05,64,1.6,2,0.414214,2.0000,5,5,43,0.015625,1.000000,0.677679,0.025000,0.669414
2000,50,0.05,64,1.6,2,0.414214,2.0000,5,1,44,1.000000,4.756895,0.056855,0.025000,0.032672
2000,50,0.05,64,1.6,2,0.414214,2.0000,5,2,44,0.296875,1.088892,0.197272,0.025000,0.176689
2000,50,0.05,64,1.6,2,0.414214,2.0000,5,3,44,0.187500,1.022643,0.389087,0.025000,0.373423
2000,50,0.05,64,1.6,2,0.414214,2.0000,5,4,44,0.031250,1.004192,0.628442,0.025000,0.618915
2000,50,0.05,64,1.6,2,0.414214,2.0000,5,5,44,0.015625,1.000000,0.730724,0.025000,0.723820
2000,50,0.05,64,1.6,2,0.435270,2.0600,5,1,42,1.000000,4.322502,0.069415,0.025000,0.045554
2000,50,0.05,64,1.6,2,0.435270,2.0600,5,2,42,0.406250,1.086122,0.237788,0.025000,0.218244
2000,50,0.05,64,1.6,2,0.435270,2.0600,5,3,42,0.140625,1.011620,0.459187,0.025000,0.445319
2000,50,0.05,64,1.6,2,0.435270,2.0600,5,4,42,0.046875,1.008112,0.599484,0.025000,0.589214
2000,50,0.05,64,1.6,2,0.435270,2.0600,5,5,42,0.031250,1.006059,0.696181,0.025000,0.688390
2000,50,0.05,64,1.6,2,0.435270,2.0600,5,1,43,1.000000,4.500264,0.068304,0.025000,0.044414
2000,50,0.05,64,1.6,2,0.435270,2.0600,5,2,43,0.375000,1.086751,0.227371,0.025000,0.207560
2000,50,0.05,64,1.6,2,0.435270,2.0600,5,3,43,0.156250,1.011727,0.482688,0.025000,0.469424
2000,50,0.05,64,1.6,2,0.435270,2.0600,5,4,43,0.015625,1.002578,0.671567,0.025000,0.663146
2000,50,0.05,64,1.6,2,0.435270,2.0600,5,5,43,0.015625,1.000000,0.736875,0.025000,0.730128
2000,50,0.05,64,1.6,2,0.435270,2.0600,5,1,44,1.000000,4.617283,0.062847,0.025000,0.038818
2000,50,0.05,64,1.6,2,0.435270,2.0600,5,2,44,0.343750,1.093086,0.214028,0.025000,0.193875
2000,50,0.05,64,1.6,2,0.435270,2.0600,5,3,44,0.187500,1.019902,0.415853,0.025000,0.400875
2000,50,0.05,64,1.6,2,0.435270,2.0600,5,4,44,0.062500,1.007344,0.562788,0.025000,0.551577
2000,50,0.05,64,1.6,2,0.435270,2.0600,5,5,44,0.015625,1.000000,0.686895,0.025000,0.678867
2000,50,0.05,64,1.6,2,0.466288,2.1500,5,1,42,1.000000,4.133093,0.071448,0.025000,0.047639
2000,50,0.05,64,1.6,2,0.466288,2.1500,5,2,42,0.328125,1.082680,0.257639,0.025000,0.238604
2000,50,0.05,64,1.6,2,0.466288,2.1500,5,3,42,0.109375,1.008872,0.455407,0.025000,0.441443
2000,50,0.05,64,1.6,2,0.466288,2.1500,5,4,42,0.046875,1.005421,0.607897,0.025000,0.597843
2000,50,0.05,64,1.6,2,0.466288,2.1500,5,5,42,0.000000,1.000000,0.706151,0.025000,0.698616
2000,50,0.05,64,1.6,2,0.466288,2.1500,5,1,43,1.000000,4.254212,0.072718,0.025000,0.048942
2000,50,0.05,64,1.6,2,0.466288,2.1500,5,2,43,0.406250,1.073026,0.276448,0.025000,0.257896
2000,50,0.05,64,1.6,2,0.466288,2.1500,5,3,43,0.187500,1.012473,0.530585,0.025000,0.518549
2000,50,0.05,64,1.6,2,0.466288,2.1500,5,4,43,0.062500,1.002903,0.701647,0.025000,0.693997
2000,50,0.05,64,1.6,2,0.466288,2.1500,5,5,43,0.031250,1.000000,0.759812,0.025000,0.753653
2000,50,0.05,64,1.6,2,0.466288,2.1500,5,1,44,1.000000,4.405314,0.068284,0.025000,0.044394
2000,50,0.05,64,1.6,2,0.466288,2.1500,5,2,44,0.406250,1.087558,0.238899,0.025000,0.219383
2000,50,0.05,64,1.6,2,0.466288,2.1500,5,3,44,0.171875,1.018316,0.450585,0.025000,0.436498
2000,50,0.05,64,1.6,2,0.466288,2.1500,5,4,44,0.062500,1.008859,0.584742,0.025000,0.574094
2000,50,0.05,64,1.6,2,0.466288,2.1500,5,5,44,0.031250,1.000957,0.679087,0.025000,0.670859
2000,50,0.05,64,1.6,2,0.516575,2.3000,5,1,42,1.000000,3.675849,0.082778,0.025000,0.059259
2000,50,0.05,64,1.6,2,0.516575,2.3000,5,2,42,0.375000,1.077342,0.296339,0.025000,0.278297
2000,50,0.05,64,1.6,2,0.516575,2.3000,5,3,42,0.203125,1.014236,0.522966,0.025000,0.510735
2000,50,0.05,64,1.6,2,0.516575,2.3000,5,4,42,0.046875,1.000963,0.677688,0.025000,0.669424
2000,50,0.05,64,1.6,2,0.516575,2.3000,5,5,42,0.015625,1.000000,0.780744,0.025000,0.775122
2000,50,0.05,64,1.6,2,0.516575,2.3000,5,1,43,1.000000,3.526579,0.083571,0.025000,0.060073
2000,50,0.05,64,1.6,2,0.516575,2.3000,5,2,43,0.406250,1.086036,0.291062,0.025000,0.272884
2000,50,0.05,64,1.6,2,0.516575,2.3000,5,3,43,0.218750,1.016966,0.517837,0.025000,0.505474
2000,50,0.05,64,1.6,2,0.516575,2.3000,5,4,43,0.015625,1.004870,0.682242,0.025000,0.674094
2000,50,0.05,64,1.6,2,0.516575,2.3000,5,5,43,0.015625,1.000000,0.792887,0.025000,0.787576
2000,50,0.05,64,1.6,2,0.516575,2.3000,5,1,44,1.000000,3.582204,0.084216,0.025000,0.060735
2000,50,0.05,64,1.6,2,0.516575,2.3000,5,2,44,0.421875,1.072546,0.316637,0.025000,0.299115
2000,50,0.05,64,1.6,2,0.516575,2.3000,5,3,44,0.140625,1.011484,0.578383,0.025000,0.567572
2000,50,0.05,64,1.6,2,0.516575,2.3000,5,4,44,0.046875,1.004830,0.707708,0.025000,0.700214
2000,50,0.05,64,1.6,2,0.516575,2.3000,5,5,44,0.015625,1.005102,0.777341,0.025000,0.771632
